,country_region_code,country_region,sub_region_1,iso_3166_2_code,place_id,date,retail_and_recreation_percent_change_from_baseline,grocery_and_pharmacy_percent_change_from_baseline,parks_percent_change_from_baseline,transit_stations_percent_change_from_baseline,workplaces_percent_change_from_baseline,residential_percent_change_from_baseline
35702,CA,Canada,Ontario,CA-ON,ChIJrxNRX7IFzkwRCR5iKVZC-HA,2020-02-15,2.0,3.0,20.0,5.0,1.0,-1.0
35703,CA,Canada,Ontario,CA-ON,ChIJrxNRX7IFzkwRCR5iKVZC-HA,2020-02-16,16.0,13.0,44.0,5.0,-2.0,-2.0
35704,CA,Canada,Ontario,CA-ON,ChIJrxNRX7IFzkwRCR5iKVZC-HA,2020-02-17,-26.0,-37.0,70.0,-40.0,-72.0,16.0
35705,CA,Canada,Ontario,CA-ON,ChIJrxNRX7IFzkwRCR5iKVZC-HA,2020-02-18,-1.0,12.0,-5.0,2.0,0.0,1.0
35706,CA,Canada,Ontario,CA-ON,ChIJrxNRX7IFzkwRCR5iKVZC-HA,2020-02-19,0.0,4.0,-4.0,-2.0,1.0,0.0
35707,CA,Canada,Ontario,CA-ON,ChIJrxNRX7IFzkwRCR5iKVZC-HA,2020-02-20,4.0,4.0,3.0,0.0,2.0,0.0
35708,CA,Canada,Ontario,CA-ON,ChIJrxNRX7IFzkwRCR5iKVZC-HA,2020-02-21,1.0,-3.0,11.0,-1.0,-7.0,1.0
35709,CA,Canada,Ontario,CA-ON,ChIJrxNRX7IFzkwRCR5iKVZC-HA,2020-02-22,8.0,6.0,44.0,11.0,7.0,-2.0
35710,CA,Canada,Ontario,CA-ON,ChIJrxNRX7IFzkwRCR5iKVZC-HA,2020-02-23,12.0,6.0,53.0,9.0,5.0,-1.0
35711,CA,Canada,Ontario,CA-ON,ChIJrxNRX7IFzkwRCR5iKVZC-HA,2020-02-24,2.0,2.0,18.0,-2.0,2.0,0.0
35712,CA,Canada,Ontario,CA-ON,ChIJrxNRX7IFzkwRCR5iKVZC-HA,2020-02-25,1.0,7.0,2.0,1.0,3.0,0.0
35713,CA,Canada,Ontario,CA-ON,ChIJrxNRX7IFzkwRCR5iKVZC-HA,2020-02-26,-8.0,-5.0,-15.0,-6.0,-2.0,3.0
35714,CA,Canada,Ontario,CA-ON,ChIJrxNRX7IFzkwRCR5iKVZC-HA,2020-02-27,-13.0,-12.0,-17.0,-5.0,-8.0,5.0
35715,CA,Canada,Ontario,CA-ON,ChIJrxNRX7IFzkwRCR5iKVZC-HA,2020-02-28,-5.0,-4.0,-10.0,-1.0,-1.0,2.0
35716,CA,Canada,Ontario,CA-ON,ChIJrxNRX7IFzkwRCR5iKVZC-HA,2020-02-29,5.0,6.0,9.0,6.0,8.0,-1.0
35717,CA,Canada,Ontario,CA-ON,ChIJrxNRX7IFzkwRCR5iKVZC-HA,2020-03-01,11.0,10.0,23.0,4.0,6.0,-1.0
35718,CA,Canada,Ontario,CA-ON,ChIJrxNRX7IFzkwRCR5iKVZC-HA,2020-03-02,2.0,4.0,0.0,-2.0,4.0,0.0
35719,CA,Canada,Ontario,CA-ON,ChIJrxNRX7IFzkwRCR5iKVZC-HA,2020-03-03,1.0,3.0,-6.0,0.0,4.0,0.0
35720,CA,Canada,Ontario,CA-ON,ChIJrxNRX7IFzkwRCR5iKVZC-HA,2020-03-04,4.0,4.0,1.0,0.0,4.0,0.0
35721,CA,Canada,Ontario,CA-ON,ChIJrxNRX7IFzkwRCR5iKVZC-HA,2020-03-05,6.0,6.0,21.0,2.0,0.0,0.0
35722,CA,Canada,Ontario,CA-ON,ChIJrxNRX7IFzkwRCR5iKVZC-HA,2020-03-06,-3.0,-4.0,-4.0,-3.0,3.0,1.0
35723,CA,Canada,Ontario,CA-ON,ChIJrxNRX7IFzkwRCR5iKVZC-HA,2020-03-07,10.0,9.0,41.0,8.0,9.0,-1.0
35724,CA,Canada,Ontario,CA-ON,ChIJrxNRX7IFzkwRCR5iKVZC-HA,2020-03-08,13.0,10.0,86.0,6.0,5.0,-1.0
35725,CA,Canada,Ontario,CA-ON,ChIJrxNRX7IFzkwRCR5iKVZC-HA,2020-03-09,4.0,5.0,41.0,-3.0,3.0,1.0
35726,CA,Canada,Ontario,CA-ON,ChIJrxNRX7IFzkwRCR5iKVZC-HA,2020-03-10,1.0,4.0,-2.0,-4.0,3.0,1.0
35727,CA,Canada,Ontario,CA-ON,ChIJrxNRX7IFzkwRCR5iKVZC-HA,2020-03-11,3.0,7.0,1.0,-5.0,2.0,1.0
35728,CA,Canada,Ontario,CA-ON,ChIJrxNRX7IFzkwRCR5iKVZC-HA,2020-03-12,6.0,32.0,9.0,-6.0,1.0,1.0
35729,CA,Canada,Ontario,CA-ON,ChIJrxNRX7IFzkwRCR5iKVZC-HA,2020-03-13,-3.0,41.0,-7.0,-16.0,-4.0,3.0
35730,CA,Canada,Ontario,CA-ON,ChIJrxNRX7IFzkwRCR5iKVZC-HA,2020-03-14,-10.0,26.0,5.0,-17.0,0.0,3.0
35731,CA,Canada,Ontario,CA-ON,ChIJrxNRX7IFzkwRCR5iKVZC-HA,2020-03-15,-10.0,14.0,44.0,-22.0,-6.0,4.0
35732,CA,Canada,Ontario,CA-ON,ChIJrxNRX7IFzkwRCR5iKVZC-HA,2020-03-16,-12.0,27.0,10.0,-39.0,-31.0,11.0
35733,CA,Canada,Ontario,CA-ON,ChIJrxNRX7IFzkwRCR5iKVZC-HA,2020-03-17,-29.0,15.0,2.0,-46.0,-39.0,15.0
35734,CA,Canada,Ontario,CA-ON,ChIJrxNRX7IFzkwRCR5iKVZC-HA,2020-03-18,-36.0,1.0,1.0,-51.0,-44.0,17.0
35735,CA,Canada,Ontario,CA-ON,ChIJrxNRX7IFzkwRCR5iKVZC-HA,2020-03-19,-38.0,2.0,11.0,-54.0,-47.0,19.0
35736,CA,Canada,Ontario,CA-ON,ChIJrxNRX7IFzkwRCR5iKVZC-HA,2020-03-20,-45.0,-8.0,-15.0,-56.0,-49.0,21.0
35737,CA,Canada,Ontario,CA-ON,ChIJrxNRX7IFzkwRCR5iKVZC-HA,2020-03-21,-48.0,-12.0,16.0,-49.0,-34.0,13.0
35738,CA,Canada,Ontario,CA-ON,ChIJrxNRX7IFzkwRCR5iKVZC-HA,2020-03-22,-51.0,-22.0,6.0,-55.0,-38.0,12.0
35739,CA,Canada,Ontario,CA-ON,ChIJrxNRX7IFzkwRCR5iKVZC-HA,2020-03-23,-47.0,-13.0,-39.0,-66.0,-55.0,22.0
35740,CA,Canada,Ontario,CA-ON,ChIJrxNRX7IFzkwRCR5iKVZC-HA,2020-03-24,-48.0,-12.0,-6.0,-64.0,-57.0,22.0
35741,CA,Canada,Ontario,CA-ON,ChIJrxNRX7IFzkwRCR5iKVZC-HA,2020-03-25,-54.0,-23.0,5.0,-67.0,-61.0,25.0
35742,CA,Canada,Ontario,CA-ON,ChIJrxNRX7IFzkwRCR5iKVZC-HA,2020-03-26,-55.0,-22.0,-10.0,-68.0,-61.0,26.0
35743,CA,Canada,Ontario,CA-ON,ChIJrxNRX7IFzkwRCR5iKVZC-HA,2020-03-27,-54.0,-21.0,10.0,-67.0,-61.0,26.0
35744,CA,Canada,Ontario,CA-ON,ChIJrxNRX7IFzkwRCR5iKVZC-HA,2020-03-28,-60.0,-29.0,-31.0,-65.0,-46.0,16.0
35745,CA,Canada,Ontario,CA-ON,ChIJrxNRX7IFzkwRCR5iKVZC-HA,2020-03-29,-59.0,-33.0,-14.0,-66.0,-46.0,14.0
35746,CA,Canada,Ontario,CA-ON,ChIJrxNRX7IFzkwRCR5iKVZC-HA,2020-03-30,-55.0,-27.0,-34.0,-71.0,-63.0,25.0
35747,CA,Canada,Ontario,CA-ON,ChIJrxNRX7IFzkwRCR5iKVZC-HA,2020-03-31,-51.0,-17.0,-27.0,-69.0,-62.0,24.0
35748,CA,Canada,Ontario,CA-ON,ChIJrxNRX7IFzkwRCR5iKVZC-HA,2020-04-01,-51.0,-21.0,1.0,-69.0,-63.0,25.0
35749,CA,Canada,Ontario,CA-ON,ChIJrxNRX7IFzkwRCR5iKVZC-HA,2020-04-02,-51.0,-20.0,3.0,-69.0,-63.0,26.0
35750,CA,Canada,Ontario,CA-ON,ChIJrxNRX7IFzkwRCR5iKVZC-HA,2020-04-03,-55.0,-22.0,-28.0,-70.0,-62.0,27.0
35751,CA,Canada,Ontario,CA-ON,ChIJrxNRX7IFzkwRCR5iKVZC-HA,2020-04-04,-57.0,-27.0,-18.0,-63.0,-46.0,16.0
35752,CA,Canada,Ontario,CA-ON,ChIJrxNRX7IFzkwRCR5iKVZC-HA,2020-04-05,-60.0,-32.0,-11.0,-67.0,-47.0,14.0
35753,CA,Canada,Ontario,CA-ON,ChIJrxNRX7IFzkwRCR5iKVZC-HA,2020-04-06,-55.0,-23.0,-5.0,-70.0,-63.0,24.0
35754,CA,Canada,Ontario,CA-ON,ChIJrxNRX7IFzkwRCR5iKVZC-HA,2020-04-07,-55.0,-18.0,-21.0,-69.0,-63.0,25.0
35755,CA,Canada,Ontario,CA-ON,ChIJrxNRX7IFzkwRCR5iKVZC-HA,2020-04-08,-52.0,-14.0,-10.0,-69.0,-64.0,25.0
35756,CA,Canada,Ontario,CA-ON,ChIJrxNRX7IFzkwRCR5iKVZC-HA,2020-04-09,-44.0,7.0,-31.0,-68.0,-64.0,25.0
35757,CA,Canada,Ontario,CA-ON,ChIJrxNRX7IFzkwRCR5iKVZC-HA,2020-04-10,-82.0,-67.0,-38.0,-81.0,-86.0,36.0
35758,CA,Canada,Ontario,CA-ON,ChIJrxNRX7IFzkwRCR5iKVZC-HA,2020-04-11,-54.0,-9.0,-20.0,-62.0,-48.0,16.0
35759,CA,Canada,Ontario,CA-ON,ChIJrxNRX7IFzkwRCR5iKVZC-HA,2020-04-12,-80.0,-68.0,-20.0,-70.0,-55.0,15.0
35760,CA,Canada,Ontario,CA-ON,ChIJrxNRX7IFzkwRCR5iKVZC-HA,2020-04-13,-58.0,-25.0,-47.0,-75.0,-69.0,27.0
35761,CA,Canada,Ontario,CA-ON,ChIJrxNRX7IFzkwRCR5iKVZC-HA,2020-04-14,-52.0,-14.0,-31.0,-70.0,-63.0,25.0
35762,CA,Canada,Ontario,CA-ON,ChIJrxNRX7IFzkwRCR5iKVZC-HA,2020-04-15,-53.0,-20.0,-37.0,-70.0,-63.0,26.0
35763,CA,Canada,Ontario,CA-ON,ChIJrxNRX7IFzkwRCR5iKVZC-HA,2020-04-16,-54.0,-19.0,-32.0,-70.0,-63.0,27.0
35764,CA,Canada,Ontario,CA-ON,ChIJrxNRX7IFzkwRCR5iKVZC-HA,2020-04-17,-56.0,-23.0,-33.0,-69.0,-62.0,28.0
35765,CA,Canada,Ontario,CA-ON,ChIJrxNRX7IFzkwRCR5iKVZC-HA,2020-04-18,-58.0,-27.0,-11.0,-58.0,-43.0,15.0
35766,CA,Canada,Ontario,CA-ON,ChIJrxNRX7IFzkwRCR5iKVZC-HA,2020-04-19,-61.0,-36.0,-36.0,-66.0,-44.0,14.0
35767,CA,Canada,Ontario,CA-ON,ChIJrxNRX7IFzkwRCR5iKVZC-HA,2020-04-20,-53.0,-23.0,-5.0,-68.0,-62.0,24.0
35768,CA,Canada,Ontario,CA-ON,ChIJrxNRX7IFzkwRCR5iKVZC-HA,2020-04-21,-56.0,-26.0,-44.0,-70.0,-62.0,25.0
35769,CA,Canada,Ontario,CA-ON,ChIJrxNRX7IFzkwRCR5iKVZC-HA,2020-04-22,-54.0,-22.0,-27.0,-69.0,-62.0,25.0
35770,CA,Canada,Ontario,CA-ON,ChIJrxNRX7IFzkwRCR5iKVZC-HA,2020-04-23,-54.0,-21.0,-25.0,-68.0,-62.0,26.0
35771,CA,Canada,Ontario,CA-ON,ChIJrxNRX7IFzkwRCR5iKVZC-HA,2020-04-24,-56.0,-25.0,-19.0,-67.0,-61.0,26.0
35772,CA,Canada,Ontario,CA-ON,ChIJrxNRX7IFzkwRCR5iKVZC-HA,2020-04-25,-56.0,-25.0,22.0,-54.0,-41.0,14.0
35773,CA,Canada,Ontario,CA-ON,ChIJrxNRX7IFzkwRCR5iKVZC-HA,2020-04-26,-59.0,-32.0,-36.0,-65.0,-43.0,14.0
35774,CA,Canada,Ontario,CA-ON,ChIJrxNRX7IFzkwRCR5iKVZC-HA,2020-04-27,-51.0,-20.0,19.0,-65.0,-60.0,23.0
35775,CA,Canada,Ontario,CA-ON,ChIJrxNRX7IFzkwRCR5iKVZC-HA,2020-04-28,-51.0,-18.0,-3.0,-65.0,-61.0,18.0
35776,CA,Canada,Ontario,CA-ON,ChIJrxNRX7IFzkwRCR5iKVZC-HA,2020-04-29,-53.0,-23.0,-31.0,-68.0,-61.0,25.0
35777,CA,Canada,Ontario,CA-ON,ChIJrxNRX7IFzkwRCR5iKVZC-HA,2020-04-30,-51.0,-18.0,-24.0,-67.0,-61.0,26.0
35778,CA,Canada,Ontario,CA-ON,ChIJrxNRX7IFzkwRCR5iKVZC-HA,2020-05-01,-51.0,-18.0,10.0,-63.0,-59.0,25.0
35779,CA,Canada,Ontario,CA-ON,ChIJrxNRX7IFzkwRCR5iKVZC-HA,2020-05-02,-54.0,-23.0,1.0,-54.0,-39.0,14.0
35780,CA,Canada,Ontario,CA-ON,ChIJrxNRX7IFzkwRCR5iKVZC-HA,2020-05-03,-49.0,-21.0,62.0,-52.0,-36.0,11.0
35781,CA,Canada,Ontario,CA-ON,ChIJrxNRX7IFzkwRCR5iKVZC-HA,2020-05-04,-49.0,-18.0,-3.0,-66.0,-59.0,23.0
35782,CA,Canada,Ontario,CA-ON,ChIJrxNRX7IFzkwRCR5iKVZC-HA,2020-05-05,-48.0,-14.0,4.0,-64.0,-59.0,23.0
35783,CA,Canada,Ontario,CA-ON,ChIJrxNRX7IFzkwRCR5iKVZC-HA,2020-05-06,-47.0,-15.0,16.0,-63.0,-59.0,23.0
35784,CA,Canada,Ontario,CA-ON,ChIJrxNRX7IFzkwRCR5iKVZC-HA,2020-05-07,-49.0,-14.0,-1.0,-65.0,-59.0,24.0
35785,CA,Canada,Ontario,CA-ON,ChIJrxNRX7IFzkwRCR5iKVZC-HA,2020-05-08,-51.0,-16.0,-21.0,-65.0,-58.0,25.0
35786,CA,Canada,Ontario,CA-ON,ChIJrxNRX7IFzkwRCR5iKVZC-HA,2020-05-09,-50.0,-14.0,-32.0,-59.0,-36.0,14.0
35787,CA,Canada,Ontario,CA-ON,ChIJrxNRX7IFzkwRCR5iKVZC-HA,2020-05-10,-43.0,-16.0,-10.0,-57.0,-32.0,11.0
35788,CA,Canada,Ontario,CA-ON,ChIJrxNRX7IFzkwRCR5iKVZC-HA,2020-05-11,-49.0,-22.0,-16.0,-66.0,-58.0,23.0
35789,CA,Canada,Ontario,CA-ON,ChIJrxNRX7IFzkwRCR5iKVZC-HA,2020-05-12,-46.0,-14.0,0.0,-63.0,-56.0,22.0
35790,CA,Canada,Ontario,CA-ON,ChIJrxNRX7IFzkwRCR5iKVZC-HA,2020-05-13,-42.0,-12.0,35.0,-60.0,-56.0,22.0
35791,CA,Canada,Ontario,CA-ON,ChIJrxNRX7IFzkwRCR5iKVZC-HA,2020-05-14,-45.0,-15.0,-12.0,-64.0,-57.0,24.0
35792,CA,Canada,Ontario,CA-ON,ChIJrxNRX7IFzkwRCR5iKVZC-HA,2020-05-15,-46.0,-15.0,-4.0,-63.0,-57.0,24.0
35793,CA,Canada,Ontario,CA-ON,ChIJrxNRX7IFzkwRCR5iKVZC-HA,2020-05-16,-43.0,-14.0,92.0,-46.0,-33.0,10.0
35794,CA,Canada,Ontario,CA-ON,ChIJrxNRX7IFzkwRCR5iKVZC-HA,2020-05-17,-40.0,-14.0,33.0,-56.0,-32.0,10.0
35795,CA,Canada,Ontario,CA-ON,ChIJrxNRX7IFzkwRCR5iKVZC-HA,2020-05-18,-68.0,-56.0,-6.0,-78.0,-83.0,30.0
35796,CA,Canada,Ontario,CA-ON,ChIJrxNRX7IFzkwRCR5iKVZC-HA,2020-05-19,-36.0,0.0,24.0,-59.0,-54.0,20.0
35797,CA,Canada,Ontario,CA-ON,ChIJrxNRX7IFzkwRCR5iKVZC-HA,2020-05-20,-33.0,0.0,68.0,-56.0,-54.0,20.0
35798,CA,Canada,Ontario,CA-ON,ChIJrxNRX7IFzkwRCR5iKVZC-HA,2020-05-21,-33.0,-2.0,80.0,-56.0,-54.0,20.0
35799,CA,Canada,Ontario,CA-ON,ChIJrxNRX7IFzkwRCR5iKVZC-HA,2020-05-22,-38.0,-8.0,68.0,-56.0,-52.0,20.0
35800,CA,Canada,Ontario,CA-ON,ChIJrxNRX7IFzkwRCR5iKVZC-HA,2020-05-23,-37.0,-9.0,114.0,-42.0,-25.0,9.0
35801,CA,Canada,Ontario,CA-ON,ChIJrxNRX7IFzkwRCR5iKVZC-HA,2020-05-24,-34.0,-14.0,100.0,-46.0,-25.0,8.0
35802,CA,Canada,Ontario,CA-ON,ChIJrxNRX7IFzkwRCR5iKVZC-HA,2020-05-25,-33.0,-7.0,71.0,-57.0,-54.0,19.0
35803,CA,Canada,Ontario,CA-ON,ChIJrxNRX7IFzkwRCR5iKVZC-HA,2020-05-26,-33.0,-5.0,60.0,-56.0,-51.0,18.0
35804,CA,Canada,Ontario,CA-ON,ChIJrxNRX7IFzkwRCR5iKVZC-HA,2020-05-27,-32.0,-5.0,60.0,-56.0,-52.0,19.0
35805,CA,Canada,Ontario,CA-ON,ChIJrxNRX7IFzkwRCR5iKVZC-HA,2020-05-28,-36.0,-9.0,13.0,-58.0,-52.0,21.0
35806,CA,Canada,Ontario,CA-ON,ChIJrxNRX7IFzkwRCR5iKVZC-HA,2020-05-29,-38.0,-10.0,17.0,-57.0,-50.0,21.0
35807,CA,Canada,Ontario,CA-ON,ChIJrxNRX7IFzkwRCR5iKVZC-HA,2020-05-30,-36.0,-9.0,67.0,-41.0,-16.0,9.0
35808,CA,Canada,Ontario,CA-ON,ChIJrxNRX7IFzkwRCR5iKVZC-HA,2020-05-31,-32.0,-12.0,84.0,-44.0,-15.0,7.0
35809,CA,Canada,Ontario,CA-ON,ChIJrxNRX7IFzkwRCR5iKVZC-HA,2020-06-01,-31.0,-6.0,79.0,-54.0,-49.0,17.0
35810,CA,Canada,Ontario,CA-ON,ChIJrxNRX7IFzkwRCR5iKVZC-HA,2020-06-02,-34.0,-6.0,51.0,-55.0,-49.0,18.0
35811,CA,Canada,Ontario,CA-ON,ChIJrxNRX7IFzkwRCR5iKVZC-HA,2020-06-03,-33.0,-6.0,58.0,-55.0,-49.0,19.0
35812,CA,Canada,Ontario,CA-ON,ChIJrxNRX7IFzkwRCR5iKVZC-HA,2020-06-04,-31.0,-3.0,96.0,-53.0,-49.0,18.0
35813,CA,Canada,Ontario,CA-ON,ChIJrxNRX7IFzkwRCR5iKVZC-HA,2020-06-05,-35.0,-9.0,71.0,-55.0,-48.0,18.0
35814,CA,Canada,Ontario,CA-ON,ChIJrxNRX7IFzkwRCR5iKVZC-HA,2020-06-06,-33.0,-7.0,131.0,-40.0,-15.0,8.0
35815,CA,Canada,Ontario,CA-ON,ChIJrxNRX7IFzkwRCR5iKVZC-HA,2020-06-07,-28.0,-10.0,143.0,-43.0,-14.0,6.0
35816,CA,Canada,Ontario,CA-ON,ChIJrxNRX7IFzkwRCR5iKVZC-HA,2020-06-08,-29.0,-6.0,98.0,-54.0,-48.0,16.0
35817,CA,Canada,Ontario,CA-ON,ChIJrxNRX7IFzkwRCR5iKVZC-HA,2020-06-09,-31.0,-5.0,88.0,-54.0,-47.0,17.0
35818,CA,Canada,Ontario,CA-ON,ChIJrxNRX7IFzkwRCR5iKVZC-HA,2020-06-10,-30.0,-6.0,45.0,-56.0,-48.0,18.0
35819,CA,Canada,Ontario,CA-ON,ChIJrxNRX7IFzkwRCR5iKVZC-HA,2020-06-11,-28.0,-2.0,91.0,-52.0,-47.0,18.0
35820,CA,Canada,Ontario,CA-ON,ChIJrxNRX7IFzkwRCR5iKVZC-HA,2020-06-12,-31.0,-6.0,88.0,-52.0,-46.0,17.0
35821,CA,Canada,Ontario,CA-ON,ChIJrxNRX7IFzkwRCR5iKVZC-HA,2020-06-13,-29.0,-6.0,139.0,-36.0,-9.0,7.0
35822,CA,Canada,Ontario,CA-ON,ChIJrxNRX7IFzkwRCR5iKVZC-HA,2020-06-14,-25.0,-9.0,153.0,-40.0,-9.0,5.0
35823,CA,Canada,Ontario,CA-ON,ChIJrxNRX7IFzkwRCR5iKVZC-HA,2020-06-15,-26.0,-4.0,108.0,-52.0,-47.0,16.0
35824,CA,Canada,Ontario,CA-ON,ChIJrxNRX7IFzkwRCR5iKVZC-HA,2020-06-16,-26.0,0.0,112.0,-51.0,-46.0,15.0
35825,CA,Canada,Ontario,CA-ON,ChIJrxNRX7IFzkwRCR5iKVZC-HA,2020-06-17,-26.0,-2.0,110.0,-51.0,-46.0,16.0
35826,CA,Canada,Ontario,CA-ON,ChIJrxNRX7IFzkwRCR5iKVZC-HA,2020-06-18,-25.0,2.0,121.0,-50.0,-46.0,16.0
35827,CA,Canada,Ontario,CA-ON,ChIJrxNRX7IFzkwRCR5iKVZC-HA,2020-06-19,-27.0,-1.0,117.0,-49.0,-45.0,14.0
35828,CA,Canada,Ontario,CA-ON,ChIJrxNRX7IFzkwRCR5iKVZC-HA,2020-06-20,-27.0,1.0,166.0,-34.0,-7.0,4.0
35829,CA,Canada,Ontario,CA-ON,ChIJrxNRX7IFzkwRCR5iKVZC-HA,2020-06-21,-24.0,-6.0,141.0,-40.0,-4.0,3.0
35830,CA,Canada,Ontario,CA-ON,ChIJrxNRX7IFzkwRCR5iKVZC-HA,2020-06-22,-27.0,-6.0,86.0,-52.0,-48.0,15.0
35831,CA,Canada,Ontario,CA-ON,ChIJrxNRX7IFzkwRCR5iKVZC-HA,2020-06-23,-28.0,-4.0,48.0,-53.0,-48.0,16.0
35832,CA,Canada,Ontario,CA-ON,ChIJrxNRX7IFzkwRCR5iKVZC-HA,2020-06-24,-23.0,0.0,85.0,-49.0,-46.0,16.0
35833,CA,Canada,Ontario,CA-ON,ChIJrxNRX7IFzkwRCR5iKVZC-HA,2020-06-25,-22.0,2.0,120.0,-47.0,-45.0,15.0
35834,CA,Canada,Ontario,CA-ON,ChIJrxNRX7IFzkwRCR5iKVZC-HA,2020-06-26,-26.0,-2.0,137.0,-46.0,-44.0,14.0
35835,CA,Canada,Ontario,CA-ON,ChIJrxNRX7IFzkwRCR5iKVZC-HA,2020-06-27,-27.0,-4.0,140.0,-32.0,-9.0,5.0
35836,CA,Canada,Ontario,CA-ON,ChIJrxNRX7IFzkwRCR5iKVZC-HA,2020-06-28,-22.0,-7.0,194.0,-33.0,-3.0,3.0
35837,CA,Canada,Ontario,CA-ON,ChIJrxNRX7IFzkwRCR5iKVZC-HA,2020-06-29,-18.0,3.0,140.0,-50.0,-47.0,13.0
35838,CA,Canada,Ontario,CA-ON,ChIJrxNRX7IFzkwRCR5iKVZC-HA,2020-06-30,-7.0,29.0,145.0,-46.0,-45.0,11.0
35839,CA,Canada,Ontario,CA-ON,ChIJrxNRX7IFzkwRCR5iKVZC-HA,2020-07-01,-47.0,-39.0,276.0,-59.0,-71.0,18.0
35840,CA,Canada,Ontario,CA-ON,ChIJrxNRX7IFzkwRCR5iKVZC-HA,2020-07-02,-16.0,11.0,136.0,-49.0,-49.0,14.0
35841,CA,Canada,Ontario,CA-ON,ChIJrxNRX7IFzkwRCR5iKVZC-HA,2020-07-03,-22.0,4.0,157.0,-49.0,-51.0,15.0
35842,CA,Canada,Ontario,CA-ON,ChIJrxNRX7IFzkwRCR5iKVZC-HA,2020-07-04,-25.0,-3.0,203.0,-34.0,-9.0,4.0
35843,CA,Canada,Ontario,CA-ON,ChIJrxNRX7IFzkwRCR5iKVZC-HA,2020-07-05,-20.0,-7.0,184.0,-36.0,-8.0,2.0
35844,CA,Canada,Ontario,CA-ON,ChIJrxNRX7IFzkwRCR5iKVZC-HA,2020-07-06,-19.0,2.0,135.0,-50.0,-47.0,14.0
35845,CA,Canada,Ontario,CA-ON,ChIJrxNRX7IFzkwRCR5iKVZC-HA,2020-07-07,-20.0,3.0,120.0,-49.0,-46.0,14.0
35846,CA,Canada,Ontario,CA-ON,ChIJrxNRX7IFzkwRCR5iKVZC-HA,2020-07-08,-20.0,1.0,106.0,-50.0,-46.0,14.0
35847,CA,Canada,Ontario,CA-ON,ChIJrxNRX7IFzkwRCR5iKVZC-HA,2020-07-09,-20.0,4.0,121.0,-49.0,-45.0,14.0
35848,CA,Canada,Ontario,CA-ON,ChIJrxNRX7IFzkwRCR5iKVZC-HA,2020-07-10,-25.0,-2.0,108.0,-49.0,-45.0,14.0
35849,CA,Canada,Ontario,CA-ON,ChIJrxNRX7IFzkwRCR5iKVZC-HA,2020-07-11,-26.0,-3.0,88.0,-38.0,-9.0,6.0
35850,CA,Canada,Ontario,CA-ON,ChIJrxNRX7IFzkwRCR5iKVZC-HA,2020-07-12,-18.0,-5.0,180.0,-35.0,-6.0,3.0
35851,CA,Canada,Ontario,CA-ON,ChIJrxNRX7IFzkwRCR5iKVZC-HA,2020-07-13,-19.0,-1.0,126.0,-50.0,-46.0,13.0
35852,CA,Canada,Ontario,CA-ON,ChIJrxNRX7IFzkwRCR5iKVZC-HA,2020-07-14,-19.0,2.0,142.0,-49.0,-45.0,13.0
35853,CA,Canada,Ontario,CA-ON,ChIJrxNRX7IFzkwRCR5iKVZC-HA,2020-07-15,-18.0,1.0,133.0,-50.0,-45.0,13.0
35854,CA,Canada,Ontario,CA-ON,ChIJrxNRX7IFzkwRCR5iKVZC-HA,2020-07-16,-21.0,2.0,69.0,-51.0,-45.0,15.0
35855,CA,Canada,Ontario,CA-ON,ChIJrxNRX7IFzkwRCR5iKVZC-HA,2020-07-17,-21.0,0.0,162.0,-47.0,-43.0,12.0
35856,CA,Canada,Ontario,CA-ON,ChIJrxNRX7IFzkwRCR5iKVZC-HA,2020-07-18,-22.0,-2.0,210.0,-32.0,-6.0,3.0
35857,CA,Canada,Ontario,CA-ON,ChIJrxNRX7IFzkwRCR5iKVZC-HA,2020-07-19,-23.0,-9.0,111.0,-40.0,-10.0,4.0
35858,CA,Canada,Ontario,CA-ON,ChIJrxNRX7IFzkwRCR5iKVZC-HA,2020-07-20,-17.0,3.0,154.0,-49.0,-46.0,12.0
35859,CA,Canada,Ontario,CA-ON,ChIJrxNRX7IFzkwRCR5iKVZC-HA,2020-07-21,-18.0,3.0,145.0,-49.0,-45.0,13.0
35860,CA,Canada,Ontario,CA-ON,ChIJrxNRX7IFzkwRCR5iKVZC-HA,2020-07-22,-21.0,-2.0,68.0,-52.0,-45.0,15.0
35861,CA,Canada,Ontario,CA-ON,ChIJrxNRX7IFzkwRCR5iKVZC-HA,2020-07-23,-18.0,4.0,148.0,-48.0,-44.0,13.0
35862,CA,Canada,Ontario,CA-ON,ChIJrxNRX7IFzkwRCR5iKVZC-HA,2020-07-24,-22.0,-1.0,165.0,-47.0,-43.0,12.0
35863,CA,Canada,Ontario,CA-ON,ChIJrxNRX7IFzkwRCR5iKVZC-HA,2020-07-25,-22.0,-3.0,220.0,-31.0,-5.0,2.0
35864,CA,Canada,Ontario,CA-ON,ChIJrxNRX7IFzkwRCR5iKVZC-HA,2020-07-26,-17.0,-6.0,191.0,-35.0,-6.0,2.0
35865,CA,Canada,Ontario,CA-ON,ChIJrxNRX7IFzkwRCR5iKVZC-HA,2020-07-27,-20.0,-1.0,109.0,-51.0,-47.0,13.0
35866,CA,Canada,Ontario,CA-ON,ChIJrxNRX7IFzkwRCR5iKVZC-HA,2020-07-28,-18.0,4.0,147.0,-49.0,-45.0,12.0
35867,CA,Canada,Ontario,CA-ON,ChIJrxNRX7IFzkwRCR5iKVZC-HA,2020-07-29,-16.0,2.0,125.0,-49.0,-45.0,13.0
35868,CA,Canada,Ontario,CA-ON,ChIJrxNRX7IFzkwRCR5iKVZC-HA,2020-07-30,-14.0,7.0,155.0,-46.0,-45.0,12.0
35869,CA,Canada,Ontario,CA-ON,ChIJrxNRX7IFzkwRCR5iKVZC-HA,2020-07-31,-17.0,4.0,180.0,-43.0,-45.0,10.0
35870,CA,Canada,Ontario,CA-ON,ChIJrxNRX7IFzkwRCR5iKVZC-HA,2020-08-01,-21.0,-3.0,229.0,-28.0,-9.0,1.0
35871,CA,Canada,Ontario,CA-ON,ChIJrxNRX7IFzkwRCR5iKVZC-HA,2020-08-02,-18.0,-6.0,86.0,-40.0,-14.0,4.0
35872,CA,Canada,Ontario,CA-ON,ChIJrxNRX7IFzkwRCR5iKVZC-HA,2020-08-03,-30.0,-23.0,178.0,-61.0,-74.0,18.0
35873,CA,Canada,Ontario,CA-ON,ChIJrxNRX7IFzkwRCR5iKVZC-HA,2020-08-04,-18.0,3.0,63.0,-50.0,-47.0,13.0
35874,CA,Canada,Ontario,CA-ON,ChIJrxNRX7IFzkwRCR5iKVZC-HA,2020-08-05,-13.0,5.0,148.0,-47.0,-45.0,12.0
35875,CA,Canada,Ontario,CA-ON,ChIJrxNRX7IFzkwRCR5iKVZC-HA,2020-08-06,-13.0,4.0,173.0,-46.0,-44.0,12.0
35876,CA,Canada,Ontario,CA-ON,ChIJrxNRX7IFzkwRCR5iKVZC-HA,2020-08-07,-19.0,-3.0,169.0,-45.0,-43.0,11.0
35877,CA,Canada,Ontario,CA-ON,ChIJrxNRX7IFzkwRCR5iKVZC-HA,2020-08-08,-18.0,-4.0,232.0,-28.0,-5.0,1.0
35878,CA,Canada,Ontario,CA-ON,ChIJrxNRX7IFzkwRCR5iKVZC-HA,2020-08-09,-14.0,-7.0,180.0,-33.0,-6.0,1.0
35879,CA,Canada,Ontario,CA-ON,ChIJrxNRX7IFzkwRCR5iKVZC-HA,2020-08-10,-16.0,-2.0,142.0,-50.0,-45.0,12.0
35880,CA,Canada,Ontario,CA-ON,ChIJrxNRX7IFzkwRCR5iKVZC-HA,2020-08-11,-16.0,1.0,128.0,-49.0,-44.0,12.0
35881,CA,Canada,Ontario,CA-ON,ChIJrxNRX7IFzkwRCR5iKVZC-HA,2020-08-12,-14.0,0.0,155.0,-48.0,-44.0,12.0
35882,CA,Canada,Ontario,CA-ON,ChIJrxNRX7IFzkwRCR5iKVZC-HA,2020-08-13,-14.0,2.0,164.0,-47.0,-44.0,12.0
35883,CA,Canada,Ontario,CA-ON,ChIJrxNRX7IFzkwRCR5iKVZC-HA,2020-08-14,-18.0,-2.0,165.0,-45.0,-43.0,10.0
35884,CA,Canada,Ontario,CA-ON,ChIJrxNRX7IFzkwRCR5iKVZC-HA,2020-08-15,-18.0,-4.0,225.0,-28.0,-5.0,1.0
35885,CA,Canada,Ontario,CA-ON,ChIJrxNRX7IFzkwRCR5iKVZC-HA,2020-08-16,-15.0,-7.0,127.0,-35.0,-8.0,2.0
35886,CA,Canada,Ontario,CA-ON,ChIJrxNRX7IFzkwRCR5iKVZC-HA,2020-08-17,-18.0,-4.0,107.0,-50.0,-45.0,12.0
35887,CA,Canada,Ontario,CA-ON,ChIJrxNRX7IFzkwRCR5iKVZC-HA,2020-08-18,-15.0,1.0,136.0,-48.0,-43.0,11.0
35888,CA,Canada,Ontario,CA-ON,ChIJrxNRX7IFzkwRCR5iKVZC-HA,2020-08-19,-14.0,-1.0,140.0,-48.0,-43.0,12.0
35889,CA,Canada,Ontario,CA-ON,ChIJrxNRX7IFzkwRCR5iKVZC-HA,2020-08-20,-13.0,3.0,149.0,-46.0,-43.0,11.0
35890,CA,Canada,Ontario,CA-ON,ChIJrxNRX7IFzkwRCR5iKVZC-HA,2020-08-21,-18.0,-3.0,148.0,-45.0,-42.0,10.0
35891,CA,Canada,Ontario,CA-ON,ChIJrxNRX7IFzkwRCR5iKVZC-HA,2020-08-22,-18.0,-4.0,210.0,-29.0,-4.0,1.0
35892,CA,Canada,Ontario,CA-ON,ChIJrxNRX7IFzkwRCR5iKVZC-HA,2020-08-23,-13.0,-7.0,180.0,-32.0,-5.0,0.0
35893,CA,Canada,Ontario,CA-ON,ChIJrxNRX7IFzkwRCR5iKVZC-HA,2020-08-24,-16.0,-3.0,134.0,-49.0,-44.0,11.0
35894,CA,Canada,Ontario,CA-ON,ChIJrxNRX7IFzkwRCR5iKVZC-HA,2020-08-25,-15.0,2.0,141.0,-47.0,-43.0,11.0
35895,CA,Canada,Ontario,CA-ON,ChIJrxNRX7IFzkwRCR5iKVZC-HA,2020-08-26,-16.0,-2.0,94.0,-48.0,-43.0,12.0
35896,CA,Canada,Ontario,CA-ON,ChIJrxNRX7IFzkwRCR5iKVZC-HA,2020-08-27,-14.0,2.0,114.0,-46.0,-42.0,12.0
35897,CA,Canada,Ontario,CA-ON,ChIJrxNRX7IFzkwRCR5iKVZC-HA,2020-08-28,-18.0,-3.0,122.0,-45.0,-41.0,11.0
35898,CA,Canada,Ontario,CA-ON,ChIJrxNRX7IFzkwRCR5iKVZC-HA,2020-08-29,-17.0,-1.0,132.0,-30.0,-6.0,2.0
35899,CA,Canada,Ontario,CA-ON,ChIJrxNRX7IFzkwRCR5iKVZC-HA,2020-08-30,-10.0,-4.0,193.0,-28.0,-4.0,0.0
35900,CA,Canada,Ontario,CA-ON,ChIJrxNRX7IFzkwRCR5iKVZC-HA,2020-08-31,-12.0,1.0,142.0,-46.0,-43.0,10.0
35901,CA,Canada,Ontario,CA-ON,ChIJrxNRX7IFzkwRCR5iKVZC-HA,2020-09-01,-13.0,3.0,122.0,-45.0,-43.0,10.0
35902,CA,Canada,Ontario,CA-ON,ChIJrxNRX7IFzkwRCR5iKVZC-HA,2020-09-02,-14.0,-1.0,87.0,-48.0,-43.0,12.0
35903,CA,Canada,Ontario,CA-ON,ChIJrxNRX7IFzkwRCR5iKVZC-HA,2020-09-03,-12.0,3.0,138.0,-44.0,-42.0,10.0
35904,CA,Canada,Ontario,CA-ON,ChIJrxNRX7IFzkwRCR5iKVZC-HA,2020-09-04,-13.0,2.0,142.0,-42.0,-43.0,9.0
35905,CA,Canada,Ontario,CA-ON,ChIJrxNRX7IFzkwRCR5iKVZC-HA,2020-09-05,-16.0,0.0,176.0,-29.0,-9.0,1.0
35906,CA,Canada,Ontario,CA-ON,ChIJrxNRX7IFzkwRCR5iKVZC-HA,2020-09-06,-3.0,2.0,235.0,-28.0,-8.0,-1.0
35907,CA,Canada,Ontario,CA-ON,ChIJrxNRX7IFzkwRCR5iKVZC-HA,2020-09-07,-43.0,-42.0,119.0,-63.0,-80.0,20.0
35908,CA,Canada,Ontario,CA-ON,ChIJrxNRX7IFzkwRCR5iKVZC-HA,2020-09-08,-13.0,11.0,53.0,-47.0,-44.0,11.0
35909,CA,Canada,Ontario,CA-ON,ChIJrxNRX7IFzkwRCR5iKVZC-HA,2020-09-09,-16.0,0.0,63.0,-48.0,-42.0,12.0
35910,CA,Canada,Ontario,CA-ON,ChIJrxNRX7IFzkwRCR5iKVZC-HA,2020-09-10,-14.0,2.0,85.0,-46.0,-41.0,11.0
35911,CA,Canada,Ontario,CA-ON,ChIJrxNRX7IFzkwRCR5iKVZC-HA,2020-09-11,-17.0,-3.0,111.0,-44.0,-39.0,10.0
35912,CA,Canada,Ontario,CA-ON,ChIJrxNRX7IFzkwRCR5iKVZC-HA,2020-09-12,-14.0,0.0,165.0,-28.0,-2.0,2.0
35913,CA,Canada,Ontario,CA-ON,ChIJrxNRX7IFzkwRCR5iKVZC-HA,2020-09-13,-13.0,-4.0,103.0,-34.0,-6.0,3.0
35914,CA,Canada,Ontario,CA-ON,ChIJrxNRX7IFzkwRCR5iKVZC-HA,2020-09-14,-15.0,-2.0,91.0,-48.0,-39.0,11.0
35915,CA,Canada,Ontario,CA-ON,ChIJrxNRX7IFzkwRCR5iKVZC-HA,2020-09-15,-15.0,0.0,82.0,-47.0,-38.0,11.0
35916,CA,Canada,Ontario,CA-ON,ChIJrxNRX7IFzkwRCR5iKVZC-HA,2020-09-16,-16.0,-4.0,93.0,-47.0,-39.0,11.0
35917,CA,Canada,Ontario,CA-ON,ChIJrxNRX7IFzkwRCR5iKVZC-HA,2020-09-17,-16.0,-1.0,91.0,-46.0,-39.0,11.0
35918,CA,Canada,Ontario,CA-ON,ChIJrxNRX7IFzkwRCR5iKVZC-HA,2020-09-18,-18.0,-5.0,83.0,-45.0,-37.0,10.0
35919,CA,Canada,Ontario,CA-ON,ChIJrxNRX7IFzkwRCR5iKVZC-HA,2020-09-19,-15.0,-1.0,133.0,-32.0,-3.0,3.0
35920,CA,Canada,Ontario,CA-ON,ChIJrxNRX7IFzkwRCR5iKVZC-HA,2020-09-20,-11.0,-3.0,139.0,-35.0,-3.0,2.0
35921,CA,Canada,Ontario,CA-ON,ChIJrxNRX7IFzkwRCR5iKVZC-HA,2020-09-21,-18.0,-4.0,82.0,-49.0,-40.0,11.0
35922,CA,Canada,Ontario,CA-ON,ChIJrxNRX7IFzkwRCR5iKVZC-HA,2020-09-22,-19.0,-1.0,78.0,-48.0,-39.0,11.0
35923,CA,Canada,Ontario,CA-ON,ChIJrxNRX7IFzkwRCR5iKVZC-HA,2020-09-23,-19.0,-2.0,82.0,-48.0,-38.0,12.0
35924,CA,Canada,Ontario,CA-ON,ChIJrxNRX7IFzkwRCR5iKVZC-HA,2020-09-24,-20.0,-1.0,68.0,-48.0,-38.0,12.0
35925,CA,Canada,Ontario,CA-ON,ChIJrxNRX7IFzkwRCR5iKVZC-HA,2020-09-25,-21.0,-4.0,95.0,-47.0,-36.0,11.0
35926,CA,Canada,Ontario,CA-ON,ChIJrxNRX7IFzkwRCR5iKVZC-HA,2020-09-26,-16.0,0.0,159.0,-34.0,0.0,2.0
35927,CA,Canada,Ontario,CA-ON,ChIJrxNRX7IFzkwRCR5iKVZC-HA,2020-09-27,-13.0,-3.0,143.0,-36.0,-2.0,2.0
35928,CA,Canada,Ontario,CA-ON,ChIJrxNRX7IFzkwRCR5iKVZC-HA,2020-09-28,-21.0,-3.0,65.0,-51.0,-38.0,12.0
35929,CA,Canada,Ontario,CA-ON,ChIJrxNRX7IFzkwRCR5iKVZC-HA,2020-09-29,-20.0,0.0,45.0,-50.0,-37.0,12.0
35930,CA,Canada,Ontario,CA-ON,ChIJrxNRX7IFzkwRCR5iKVZC-HA,2020-09-30,-20.0,-1.0,12.0,-51.0,-38.0,13.0
35931,CA,Canada,Ontario,CA-ON,ChIJrxNRX7IFzkwRCR5iKVZC-HA,2020-10-01,-18.0,3.0,46.0,-49.0,-36.0,12.0
35932,CA,Canada,Ontario,CA-ON,ChIJrxNRX7IFzkwRCR5iKVZC-HA,2020-10-02,-23.0,-4.0,36.0,-49.0,-35.0,12.0
35933,CA,Canada,Ontario,CA-ON,ChIJrxNRX7IFzkwRCR5iKVZC-HA,2020-10-03,-18.0,-1.0,100.0,-35.0,-3.0,4.0
35934,CA,Canada,Ontario,CA-ON,ChIJrxNRX7IFzkwRCR5iKVZC-HA,2020-10-04,-20.0,-5.0,15.0,-44.0,-8.0,5.0
35935,CA,Canada,Ontario,CA-ON,ChIJrxNRX7IFzkwRCR5iKVZC-HA,2020-10-05,-21.0,-1.0,55.0,-50.0,-38.0,12.0
35936,CA,Canada,Ontario,CA-ON,ChIJrxNRX7IFzkwRCR5iKVZC-HA,2020-10-06,-21.0,1.0,50.0,-50.0,-37.0,12.0
35937,CA,Canada,Ontario,CA-ON,ChIJrxNRX7IFzkwRCR5iKVZC-HA,2020-10-07,-22.0,-1.0,22.0,-52.0,-38.0,13.0
35938,CA,Canada,Ontario,CA-ON,ChIJrxNRX7IFzkwRCR5iKVZC-HA,2020-10-08,-20.0,5.0,46.0,-49.0,-36.0,12.0
35939,CA,Canada,Ontario,CA-ON,ChIJrxNRX7IFzkwRCR5iKVZC-HA,2020-10-09,-20.0,6.0,74.0,-46.0,-36.0,11.0
35940,CA,Canada,Ontario,CA-ON,ChIJrxNRX7IFzkwRCR5iKVZC-HA,2020-10-10,-23.0,4.0,117.0,-37.0,-5.0,4.0
35941,CA,Canada,Ontario,CA-ON,ChIJrxNRX7IFzkwRCR5iKVZC-HA,2020-10-11,-21.0,1.0,112.0,-42.0,-8.0,3.0
35942,CA,Canada,Ontario,CA-ON,ChIJrxNRX7IFzkwRCR5iKVZC-HA,2020-10-12,-58.0,-51.0,106.0,-70.0,-80.0,22.0
35943,CA,Canada,Ontario,CA-ON,ChIJrxNRX7IFzkwRCR5iKVZC-HA,2020-10-13,-23.0,4.0,56.0,-50.0,-38.0,12.0
35944,CA,Canada,Ontario,CA-ON,ChIJrxNRX7IFzkwRCR5iKVZC-HA,2020-10-14,-23.0,-2.0,50.0,-50.0,-37.0,13.0
35945,CA,Canada,Ontario,CA-ON,ChIJrxNRX7IFzkwRCR5iKVZC-HA,2020-10-15,-26.0,-5.0,-8.0,-53.0,-37.0,15.0
35946,CA,Canada,Ontario,CA-ON,ChIJrxNRX7IFzkwRCR5iKVZC-HA,2020-10-16,-23.0,-3.0,43.0,-49.0,-35.0,13.0
35947,CA,Canada,Ontario,CA-ON,ChIJrxNRX7IFzkwRCR5iKVZC-HA,2020-10-17,-19.0,0.0,109.0,-36.0,-3.0,5.0
35948,CA,Canada,Ontario,CA-ON,ChIJrxNRX7IFzkwRCR5iKVZC-HA,2020-10-18,-21.0,-6.0,44.0,-44.0,-8.0,6.0
35949,CA,Canada,Ontario,CA-ON,ChIJrxNRX7IFzkwRCR5iKVZC-HA,2020-10-19,-27.0,-8.0,-1.0,-55.0,-38.0,14.0
35950,CA,Canada,Ontario,CA-ON,ChIJrxNRX7IFzkwRCR5iKVZC-HA,2020-10-20,-23.0,0.0,32.0,-51.0,-37.0,13.0
35951,CA,Canada,Ontario,CA-ON,ChIJrxNRX7IFzkwRCR5iKVZC-HA,2020-10-21,-25.0,-5.0,15.0,-53.0,-37.0,14.0
35952,CA,Canada,Ontario,CA-ON,ChIJrxNRX7IFzkwRCR5iKVZC-HA,2020-10-22,-24.0,-2.0,17.0,-50.0,-36.0,14.0
35953,CA,Canada,Ontario,CA-ON,ChIJrxNRX7IFzkwRCR5iKVZC-HA,2020-10-23,-24.0,-6.0,75.0,-48.0,-34.0,12.0
35954,CA,Canada,Ontario,CA-ON,ChIJrxNRX7IFzkwRCR5iKVZC-HA,2020-10-24,-21.0,0.0,58.0,-38.0,-4.0,6.0
35955,CA,Canada,Ontario,CA-ON,ChIJrxNRX7IFzkwRCR5iKVZC-HA,2020-10-25,-20.0,-5.0,46.0,-43.0,-8.0,6.0
35956,CA,Canada,Ontario,CA-ON,ChIJrxNRX7IFzkwRCR5iKVZC-HA,2020-10-26,-26.0,-6.0,7.0,-53.0,-38.0,14.0
35957,CA,Canada,Ontario,CA-ON,ChIJrxNRX7IFzkwRCR5iKVZC-HA,2020-10-27,-26.0,-5.0,-6.0,-53.0,-36.0,13.0
35958,CA,Canada,Ontario,CA-ON,ChIJrxNRX7IFzkwRCR5iKVZC-HA,2020-10-28,-22.0,0.0,27.0,-50.0,-36.0,13.0
35959,CA,Canada,Ontario,CA-ON,ChIJrxNRX7IFzkwRCR5iKVZC-HA,2020-10-29,-22.0,0.0,3.0,-51.0,-35.0,14.0
35960,CA,Canada,Ontario,CA-ON,ChIJrxNRX7IFzkwRCR5iKVZC-HA,2020-10-30,-23.0,-1.0,1.0,-49.0,-34.0,13.0
35961,CA,Canada,Ontario,CA-ON,ChIJrxNRX7IFzkwRCR5iKVZC-HA,2020-10-31,-20.0,4.0,47.0,-36.0,-3.0,5.0
35962,CA,Canada,Ontario,CA-ON,ChIJrxNRX7IFzkwRCR5iKVZC-HA,2020-11-01,-25.0,-8.0,-20.0,-47.0,-11.0,7.0
35963,CA,Canada,Ontario,CA-ON,ChIJrxNRX7IFzkwRCR5iKVZC-HA,2020-11-02,-27.0,-8.0,-12.0,-55.0,-38.0,14.0
35964,CA,Canada,Ontario,CA-ON,ChIJrxNRX7IFzkwRCR5iKVZC-HA,2020-11-03,-26.0,-4.0,-1.0,-53.0,-36.0,13.0
35965,CA,Canada,Ontario,CA-ON,ChIJrxNRX7IFzkwRCR5iKVZC-HA,2020-11-04,-25.0,-6.0,35.0,-52.0,-36.0,13.0
35966,CA,Canada,Ontario,CA-ON,ChIJrxNRX7IFzkwRCR5iKVZC-HA,2020-11-05,-24.0,-4.0,34.0,-51.0,-35.0,14.0
35967,CA,Canada,Ontario,CA-ON,ChIJrxNRX7IFzkwRCR5iKVZC-HA,2020-11-06,-24.0,-6.0,49.0,-50.0,-34.0,13.0
35968,CA,Canada,Ontario,CA-ON,ChIJrxNRX7IFzkwRCR5iKVZC-HA,2020-11-07,-18.0,-2.0,113.0,-35.0,-2.0,5.0
35969,CA,Canada,Ontario,CA-ON,ChIJrxNRX7IFzkwRCR5iKVZC-HA,2020-11-08,-14.0,-4.0,130.0,-40.0,-5.0,4.0
35970,CA,Canada,Ontario,CA-ON,ChIJrxNRX7IFzkwRCR5iKVZC-HA,2020-11-09,-23.0,-6.0,57.0,-53.0,-36.0,13.0
35971,CA,Canada,Ontario,CA-ON,ChIJrxNRX7IFzkwRCR5iKVZC-HA,2020-11-10,-21.0,-1.0,60.0,-51.0,-35.0,12.0
35972,CA,Canada,Ontario,CA-ON,ChIJrxNRX7IFzkwRCR5iKVZC-HA,2020-11-11,-21.0,-3.0,24.0,-53.0,-39.0,14.0
35973,CA,Canada,Ontario,CA-ON,ChIJrxNRX7IFzkwRCR5iKVZC-HA,2020-11-12,-22.0,-2.0,19.0,-52.0,-35.0,14.0
35974,CA,Canada,Ontario,CA-ON,ChIJrxNRX7IFzkwRCR5iKVZC-HA,2020-11-13,-24.0,-5.0,1.0,-51.0,-35.0,14.0
35975,CA,Canada,Ontario,CA-ON,ChIJrxNRX7IFzkwRCR5iKVZC-HA,2020-11-14,-20.0,0.0,43.0,-40.0,-5.0,6.0
35976,CA,Canada,Ontario,CA-ON,ChIJrxNRX7IFzkwRCR5iKVZC-HA,2020-11-15,-28.0,-15.0,-33.0,-52.0,-13.0,8.0
35977,CA,Canada,Ontario,CA-ON,ChIJrxNRX7IFzkwRCR5iKVZC-HA,2020-11-16,-26.0,-8.0,-13.0,-56.0,-38.0,14.0
35978,CA,Canada,Ontario,CA-ON,ChIJrxNRX7IFzkwRCR5iKVZC-HA,2020-11-17,-27.0,-7.0,-17.0,-55.0,-36.0,14.0
35979,CA,Canada,Ontario,CA-ON,ChIJrxNRX7IFzkwRCR5iKVZC-HA,2020-11-18,-26.0,-8.0,-15.0,-55.0,-37.0,15.0
35980,CA,Canada,Ontario,CA-ON,ChIJrxNRX7IFzkwRCR5iKVZC-HA,2020-11-19,-23.0,-3.0,8.0,-53.0,-35.0,14.0
35981,CA,Canada,Ontario,CA-ON,ChIJrxNRX7IFzkwRCR5iKVZC-HA,2020-11-20,-22.0,-3.0,30.0,-50.0,-35.0,14.0
35982,CA,Canada,Ontario,CA-ON,ChIJrxNRX7IFzkwRCR5iKVZC-HA,2020-11-21,-19.0,2.0,16.0,-40.0,-4.0,7.0
35983,CA,Canada,Ontario,CA-ON,ChIJrxNRX7IFzkwRCR5iKVZC-HA,2020-11-22,-29.0,-16.0,-29.0,-51.0,-12.0,8.0
35984,CA,Canada,Ontario,CA-ON,ChIJrxNRX7IFzkwRCR5iKVZC-HA,2020-11-23,-30.0,-11.0,-19.0,-58.0,-39.0,15.0
35985,CA,Canada,Ontario,CA-ON,ChIJrxNRX7IFzkwRCR5iKVZC-HA,2020-11-24,-29.0,-6.0,-18.0,-57.0,-37.0,15.0
35986,CA,Canada,Ontario,CA-ON,ChIJrxNRX7IFzkwRCR5iKVZC-HA,2020-11-25,-30.0,-11.0,-25.0,-58.0,-37.0,16.0
35987,CA,Canada,Ontario,CA-ON,ChIJrxNRX7IFzkwRCR5iKVZC-HA,2020-11-26,-23.0,-1.0,-7.0,-55.0,-37.0,15.0
35988,CA,Canada,Ontario,CA-ON,ChIJrxNRX7IFzkwRCR5iKVZC-HA,2020-11-27,-25.0,-5.0,-5.0,-53.0,-36.0,15.0
35989,CA,Canada,Ontario,CA-ON,ChIJrxNRX7IFzkwRCR5iKVZC-HA,2020-11-28,-22.0,-1.0,30.0,-43.0,-5.0,7.0
35990,CA,Canada,Ontario,CA-ON,ChIJrxNRX7IFzkwRCR5iKVZC-HA,2020-11-29,-21.0,-5.0,44.0,-48.0,-10.0,7.0
35991,CA,Canada,Ontario,CA-ON,ChIJrxNRX7IFzkwRCR5iKVZC-HA,2020-11-30,-28.0,-10.0,-35.0,-59.0,-38.0,15.0
35992,CA,Canada,Ontario,CA-ON,ChIJrxNRX7IFzkwRCR5iKVZC-HA,2020-12-01,-34.0,-12.0,-26.0,-58.0,-40.0,17.0
35993,CA,Canada,Ontario,CA-ON,ChIJrxNRX7IFzkwRCR5iKVZC-HA,2020-12-02,-27.0,-4.0,-14.0,-56.0,-37.0,15.0
35994,CA,Canada,Ontario,CA-ON,ChIJrxNRX7IFzkwRCR5iKVZC-HA,2020-12-03,-25.0,-1.0,-8.0,-55.0,-36.0,15.0
35995,CA,Canada,Ontario,CA-ON,ChIJrxNRX7IFzkwRCR5iKVZC-HA,2020-12-04,-30.0,-9.0,-21.0,-56.0,-35.0,16.0
35996,CA,Canada,Ontario,CA-ON,ChIJrxNRX7IFzkwRCR5iKVZC-HA,2020-12-05,-25.0,-1.0,4.0,-45.0,-6.0,8.0
35997,CA,Canada,Ontario,CA-ON,ChIJrxNRX7IFzkwRCR5iKVZC-HA,2020-12-06,-25.0,-7.0,9.0,-51.0,-12.0,8.0
35998,CA,Canada,Ontario,CA-ON,ChIJrxNRX7IFzkwRCR5iKVZC-HA,2020-12-07,-28.0,-7.0,-14.0,-58.0,-38.0,15.0
35999,CA,Canada,Ontario,CA-ON,ChIJrxNRX7IFzkwRCR5iKVZC-HA,2020-12-08,-28.0,-4.0,-12.0,-57.0,-36.0,14.0
36000,CA,Canada,Ontario,CA-ON,ChIJrxNRX7IFzkwRCR5iKVZC-HA,2020-12-09,-30.0,-9.0,-21.0,-57.0,-37.0,16.0
36001,CA,Canada,Ontario,CA-ON,ChIJrxNRX7IFzkwRCR5iKVZC-HA,2020-12-10,-25.0,0.0,-3.0,-55.0,-36.0,15.0
36002,CA,Canada,Ontario,CA-ON,ChIJrxNRX7IFzkwRCR5iKVZC-HA,2020-12-11,-25.0,-2.0,6.0,-54.0,-35.0,15.0
36003,CA,Canada,Ontario,CA-ON,ChIJrxNRX7IFzkwRCR5iKVZC-HA,2020-12-12,-29.0,-4.0,-24.0,-49.0,-8.0,9.0
36004,CA,Canada,Ontario,CA-ON,ChIJrxNRX7IFzkwRCR5iKVZC-HA,2020-12-13,-24.0,-5.0,3.0,-50.0,-11.0,8.0
36005,CA,Canada,Ontario,CA-ON,ChIJrxNRX7IFzkwRCR5iKVZC-HA,2020-12-14,-29.0,-5.0,-16.0,-59.0,-39.0,15.0
36006,CA,Canada,Ontario,CA-ON,ChIJrxNRX7IFzkwRCR5iKVZC-HA,2020-12-15,-27.0,-1.0,-18.0,-57.0,-38.0,15.0
36007,CA,Canada,Ontario,CA-ON,ChIJrxNRX7IFzkwRCR5iKVZC-HA,2020-12-16,-29.0,-6.0,-32.0,-59.0,-38.0,16.0
36008,CA,Canada,Ontario,CA-ON,ChIJrxNRX7IFzkwRCR5iKVZC-HA,2020-12-17,-25.0,3.0,-16.0,-56.0,-37.0,16.0
36009,CA,Canada,Ontario,CA-ON,ChIJrxNRX7IFzkwRCR5iKVZC-HA,2020-12-18,-27.0,-1.0,-9.0,-55.0,-36.0,16.0
36010,CA,Canada,Ontario,CA-ON,ChIJrxNRX7IFzkwRCR5iKVZC-HA,2020-12-19,-28.0,0.0,-2.0,-45.0,-8.0,8.0
36011,CA,Canada,Ontario,CA-ON,ChIJrxNRX7IFzkwRCR5iKVZC-HA,2020-12-20,-25.0,-4.0,0.0,-49.0,-11.0,8.0
36012,CA,Canada,Ontario,CA-ON,ChIJrxNRX7IFzkwRCR5iKVZC-HA,2020-12-21,-17.0,16.0,1.0,-57.0,-46.0,15.0
36013,CA,Canada,Ontario,CA-ON,ChIJrxNRX7IFzkwRCR5iKVZC-HA,2020-12-22,-14.0,27.0,-2.0,-56.0,-46.0,15.0
36014,CA,Canada,Ontario,CA-ON,ChIJrxNRX7IFzkwRCR5iKVZC-HA,2020-12-23,-10.0,39.0,4.0,-55.0,-48.0,15.0
36015,CA,Canada,Ontario,CA-ON,ChIJrxNRX7IFzkwRCR5iKVZC-HA,2020-12-24,-26.0,29.0,-20.0,-62.0,-64.0,21.0
36016,CA,Canada,Ontario,CA-ON,ChIJrxNRX7IFzkwRCR5iKVZC-HA,2020-12-25,-86.0,-79.0,-17.0,-83.0,-86.0,29.0
36017,CA,Canada,Ontario,CA-ON,ChIJrxNRX7IFzkwRCR5iKVZC-HA,2020-12-26,-65.0,-48.0,-8.0,-67.0,-44.0,15.0
36018,CA,Canada,Ontario,CA-ON,ChIJrxNRX7IFzkwRCR5iKVZC-HA,2020-12-27,-49.0,-28.0,17.0,-61.0,-27.0,11.0
36019,CA,Canada,Ontario,CA-ON,ChIJrxNRX7IFzkwRCR5iKVZC-HA,2020-12-28,-45.0,-15.0,-8.0,-73.0,-72.0,26.0
36020,CA,Canada,Ontario,CA-ON,ChIJrxNRX7IFzkwRCR5iKVZC-HA,2020-12-29,-39.0,-3.0,11.0,-66.0,-60.0,22.0
36021,CA,Canada,Ontario,CA-ON,ChIJrxNRX7IFzkwRCR5iKVZC-HA,2020-12-30,-39.0,1.0,-27.0,-67.0,-61.0,24.0
36022,CA,Canada,Ontario,CA-ON,ChIJrxNRX7IFzkwRCR5iKVZC-HA,2020-12-31,-31.0,19.0,18.0,-67.0,-65.0,23.0
36023,CA,Canada,Ontario,CA-ON,ChIJrxNRX7IFzkwRCR5iKVZC-HA,2021-01-01,-79.0,-74.0,-1.0,-83.0,-85.0,33.0
36024,CA,Canada,Ontario,CA-ON,ChIJrxNRX7IFzkwRCR5iKVZC-HA,2021-01-02,-51.0,-20.0,17.0,-60.0,-30.0,14.0
36025,CA,Canada,Ontario,CA-ON,ChIJrxNRX7IFzkwRCR5iKVZC-HA,2021-01-03,-50.0,-24.0,2.0,-62.0,-24.0,12.0
36026,CA,Canada,Ontario,CA-ON,ChIJrxNRX7IFzkwRCR5iKVZC-HA,2021-01-04,-45.0,-14.0,-14.0,-65.0,-47.0,19.0
36027,CA,Canada,Ontario,CA-ON,ChIJrxNRX7IFzkwRCR5iKVZC-HA,2021-01-05,-44.0,-11.0,-17.0,-64.0,-47.0,19.0
36028,CA,Canada,Ontario,CA-ON,ChIJrxNRX7IFzkwRCR5iKVZC-HA,2021-01-06,-46.0,-16.0,-18.0,-65.0,-47.0,20.0
36029,CA,Canada,Ontario,CA-ON,ChIJrxNRX7IFzkwRCR5iKVZC-HA,2021-01-07,-45.0,-12.0,-7.0,-64.0,-46.0,20.0
36030,CA,Canada,Ontario,CA-ON,ChIJrxNRX7IFzkwRCR5iKVZC-HA,2021-01-08,-47.0,-18.0,-15.0,-65.0,-45.0,21.0
36031,CA,Canada,Ontario,CA-ON,ChIJrxNRX7IFzkwRCR5iKVZC-HA,2021-01-09,-45.0,-12.0,32.0,-58.0,-18.0,12.0
36032,CA,Canada,Ontario,CA-ON,ChIJrxNRX7IFzkwRCR5iKVZC-HA,2021-01-10,-46.0,-18.0,15.0,-61.0,-22.0,11.0
36033,CA,Canada,Ontario,CA-ON,ChIJrxNRX7IFzkwRCR5iKVZC-HA,2021-01-11,-48.0,-18.0,-20.0,-66.0,-46.0,19.0
36034,CA,Canada,Ontario,CA-ON,ChIJrxNRX7IFzkwRCR5iKVZC-HA,2021-01-12,-47.0,-14.0,-24.0,-66.0,-46.0,19.0
36035,CA,Canada,Ontario,CA-ON,ChIJrxNRX7IFzkwRCR5iKVZC-HA,2021-01-13,-45.0,-11.0,-21.0,-66.0,-47.0,19.0
36036,CA,Canada,Ontario,CA-ON,ChIJrxNRX7IFzkwRCR5iKVZC-HA,2021-01-14,-54.0,-24.0,-22.0,-68.0,-49.0,21.0
36037,CA,Canada,Ontario,CA-ON,ChIJrxNRX7IFzkwRCR5iKVZC-HA,2021-01-15,-54.0,-26.0,-31.0,-69.0,-49.0,22.0
36038,CA,Canada,Ontario,CA-ON,ChIJrxNRX7IFzkwRCR5iKVZC-HA,2021-01-16,-54.0,-22.0,13.0,-64.0,-25.0,14.0
36039,CA,Canada,Ontario,CA-ON,ChIJrxNRX7IFzkwRCR5iKVZC-HA,2021-01-17,-53.0,-27.0,0.0,-66.0,-27.0,12.0
36040,CA,Canada,Ontario,CA-ON,ChIJrxNRX7IFzkwRCR5iKVZC-HA,2021-01-18,-53.0,-25.0,-21.0,-69.0,-50.0,20.0
36041,CA,Canada,Ontario,CA-ON,ChIJrxNRX7IFzkwRCR5iKVZC-HA,2021-01-19,-52.0,-22.0,-27.0,-68.0,-50.0,20.0
36042,CA,Canada,Ontario,CA-ON,ChIJrxNRX7IFzkwRCR5iKVZC-HA,2021-01-20,-51.0,-24.0,-33.0,-69.0,-49.0,21.0
36043,CA,Canada,Ontario,CA-ON,ChIJrxNRX7IFzkwRCR5iKVZC-HA,2021-01-21,-50.0,-19.0,-20.0,-67.0,-49.0,21.0
36044,CA,Canada,Ontario,CA-ON,ChIJrxNRX7IFzkwRCR5iKVZC-HA,2021-01-22,-51.0,-22.0,-30.0,-68.0,-48.0,22.0
36045,CA,Canada,Ontario,CA-ON,ChIJrxNRX7IFzkwRCR5iKVZC-HA,2021-01-23,-50.0,-17.0,-4.0,-63.0,-23.0,13.0
36046,CA,Canada,Ontario,CA-ON,ChIJrxNRX7IFzkwRCR5iKVZC-HA,2021-01-24,-51.0,-24.0,-1.0,-66.0,-26.0,12.0
36047,CA,Canada,Ontario,CA-ON,ChIJrxNRX7IFzkwRCR5iKVZC-HA,2021-01-25,-50.0,-21.0,-10.0,-68.0,-48.0,19.0
36048,CA,Canada,Ontario,CA-ON,ChIJrxNRX7IFzkwRCR5iKVZC-HA,2021-01-26,-58.0,-33.0,-35.0,-70.0,-50.0,21.0
36049,CA,Canada,Ontario,CA-ON,ChIJrxNRX7IFzkwRCR5iKVZC-HA,2021-01-27,-49.0,-19.0,-19.0,-67.0,-48.0,20.0
36050,CA,Canada,Ontario,CA-ON,ChIJrxNRX7IFzkwRCR5iKVZC-HA,2021-01-28,-50.0,-20.0,-32.0,-68.0,-48.0,21.0
36051,CA,Canada,Ontario,CA-ON,ChIJrxNRX7IFzkwRCR5iKVZC-HA,2021-01-29,-49.0,-21.0,-32.0,-68.0,-47.0,21.0
36052,CA,Canada,Ontario,CA-ON,ChIJrxNRX7IFzkwRCR5iKVZC-HA,2021-01-30,-47.0,-13.0,17.0,-62.0,-21.0,12.0
36053,CA,Canada,Ontario,CA-ON,ChIJrxNRX7IFzkwRCR5iKVZC-HA,2021-01-31,-49.0,-21.0,-4.0,-67.0,-25.0,11.0
36054,CA,Canada,Ontario,CA-ON,ChIJrxNRX7IFzkwRCR5iKVZC-HA,2021-02-01,-49.0,-21.0,-23.0,-69.0,-48.0,19.0
36055,CA,Canada,Ontario,CA-ON,ChIJrxNRX7IFzkwRCR5iKVZC-HA,2021-02-02,-48.0,-18.0,-21.0,-68.0,-47.0,19.0
36056,CA,Canada,Ontario,CA-ON,ChIJrxNRX7IFzkwRCR5iKVZC-HA,2021-02-03,-48.0,-19.0,-10.0,-68.0,-47.0,20.0
36057,CA,Canada,Ontario,CA-ON,ChIJrxNRX7IFzkwRCR5iKVZC-HA,2021-02-04,-46.0,-14.0,5.0,-66.0,-46.0,20.0
36058,CA,Canada,Ontario,CA-ON,ChIJrxNRX7IFzkwRCR5iKVZC-HA,2021-02-05,-52.0,-25.0,-37.0,-69.0,-47.0,22.0
36059,CA,Canada,Ontario,CA-ON,ChIJrxNRX7IFzkwRCR5iKVZC-HA,2021-02-06,-49.0,-15.0,-12.0,-64.0,-20.0,13.0
36060,CA,Canada,Ontario,CA-ON,ChIJrxNRX7IFzkwRCR5iKVZC-HA,2021-02-07,-48.0,-20.0,-3.0,-66.0,-23.0,11.0
36061,CA,Canada,Ontario,CA-ON,ChIJrxNRX7IFzkwRCR5iKVZC-HA,2021-02-08,-50.0,-23.0,-26.0,-69.0,-46.0,19.0
36062,CA,Canada,Ontario,CA-ON,ChIJrxNRX7IFzkwRCR5iKVZC-HA,2021-02-09,-48.0,-17.0,-19.0,-67.0,-45.0,19.0
36063,CA,Canada,Ontario,CA-ON,ChIJrxNRX7IFzkwRCR5iKVZC-HA,2021-02-10,-46.0,-16.0,-24.0,-67.0,-45.0,19.0
36064,CA,Canada,Ontario,CA-ON,ChIJrxNRX7IFzkwRCR5iKVZC-HA,2021-02-11,-44.0,-10.0,-17.0,-66.0,-44.0,19.0
36065,CA,Canada,Ontario,CA-ON,ChIJrxNRX7IFzkwRCR5iKVZC-HA,2021-02-12,-46.0,-14.0,-29.0,-67.0,-45.0,20.0
36066,CA,Canada,Ontario,CA-ON,ChIJrxNRX7IFzkwRCR5iKVZC-HA,2021-02-13,-45.0,-6.0,-19.0,-63.0,-22.0,12.0
36067,CA,Canada,Ontario,CA-ON,ChIJrxNRX7IFzkwRCR5iKVZC-HA,2021-02-14,-35.0,0.0,47.0,-61.0,-21.0,9.0
36068,CA,Canada,Ontario,CA-ON,ChIJrxNRX7IFzkwRCR5iKVZC-HA,2021-02-15,-67.0,-52.0,19.0,-80.0,-80.0,28.0
36069,CA,Canada,Ontario,CA-ON,ChIJrxNRX7IFzkwRCR5iKVZC-HA,2021-02-16,-48.0,-19.0,-40.0,-66.0,-50.0,21.0
36070,CA,Canada,Ontario,CA-ON,ChIJrxNRX7IFzkwRCR5iKVZC-HA,2021-02-17,-36.0,-5.0,-22.0,-63.0,-41.0,17.0
36071,CA,Canada,Ontario,CA-ON,ChIJrxNRX7IFzkwRCR5iKVZC-HA,2021-02-18,-39.0,-11.0,-25.0,-63.0,-41.0,18.0
36072,CA,Canada,Ontario,CA-ON,ChIJrxNRX7IFzkwRCR5iKVZC-HA,2021-02-19,-40.0,-15.0,-22.0,-63.0,-39.0,18.0
36073,CA,Canada,Ontario,CA-ON,ChIJrxNRX7IFzkwRCR5iKVZC-HA,2021-02-20,-34.0,-5.0,27.0,-55.0,-13.0,10.0
36074,CA,Canada,Ontario,CA-ON,ChIJrxNRX7IFzkwRCR5iKVZC-HA,2021-02-21,-34.0,-11.0,37.0,-58.0,-16.0,8.0
36075,CA,Canada,Ontario,CA-ON,ChIJrxNRX7IFzkwRCR5iKVZC-HA,2021-02-22,-43.0,-21.0,-31.0,-65.0,-43.0,18.0
36076,CA,Canada,Ontario,CA-ON,ChIJrxNRX7IFzkwRCR5iKVZC-HA,2021-02-23,-37.0,-9.0,-21.0,-63.0,-41.0,16.0
36077,CA,Canada,Ontario,CA-ON,ChIJrxNRX7IFzkwRCR5iKVZC-HA,2021-02-24,-36.0,-12.0,-17.0,-63.0,-41.0,17.0
36078,CA,Canada,Ontario,CA-ON,ChIJrxNRX7IFzkwRCR5iKVZC-HA,2021-02-25,-34.0,-8.0,-6.0,-62.0,-40.0,17.0
36079,CA,Canada,Ontario,CA-ON,ChIJrxNRX7IFzkwRCR5iKVZC-HA,2021-02-26,-33.0,-7.0,-2.0,-60.0,-38.0,16.0
36080,CA,Canada,Ontario,CA-ON,ChIJrxNRX7IFzkwRCR5iKVZC-HA,2021-02-27,-32.0,-6.0,17.0,-54.0,-13.0,9.0
36081,CA,Canada,Ontario,CA-ON,ChIJrxNRX7IFzkwRCR5iKVZC-HA,2021-02-28,-32.0,-12.0,-5.0,-58.0,-15.0,8.0
